{"stats":{"minecraft:mined":{"minecraft:short_grass":15,"minecraft:grass_block":19,"minecraft:tall_grass":5},"minecraft:used":{"minecraft:porkchop":3,"minecraft:chicken":1},"minecraft:custom":{"minecraft:time_since_rest":665,"minecraft:sprint_one_cm":26889,"minecraft:play_time":10319,"minecraft:damage_taken":20,"minecraft:walk_one_cm":15293,"minecraft:sneak_time":30,"minecraft:mob_kills":4,"minecraft:drop":5,"minecraft:jump":342,"minecraft:damage_dealt":460,"minecraft:leave_game":2,"minecraft:time_since_death":10319,"minecraft:sleep_in_bed":1,"minecraft:total_world_time":10319,"minecraft:fall_one_cm":10877,"minecraft:fly_one_cm":88585},"minecraft:dropped":{"minecraft:feather":2,"minecraft:wheat_seeds":5},"minecraft:picked_up":{"minecraft:feather":2,"minecraft:chicken":1,"minecraft:wheat_seeds":5,"minecraft:porkchop":6,"minecraft:dirt":19},"minecraft:killed":{"minecraft:horse":1,"minecraft:pig":2,"minecraft:chicken":1}},"DataVersion":3953}