{"stats":{"minecraft:mined":{"minecraft:short_grass":13,"minecraft:grass_block":19},"minecraft:used":{"minecraft:chicken":1},"minecraft:custom":{"minecraft:time_since_rest":8459,"minecraft:sprint_one_cm":18057,"minecraft:play_time":8459,"minecraft:walk_one_cm":11622,"minecraft:mob_kills":3,"minecraft:drop":3,"minecraft:jump":259,"minecraft:damage_dealt":360,"minecraft:leave_game":1,"minecraft:time_since_death":8459,"minecraft:total_world_time":8459,"minecraft:fall_one_cm":8267,"minecraft:fly_one_cm":70684},"minecraft:dropped":{"minecraft:feather":2,"minecraft:wheat_seeds":3},"minecraft:picked_up":{"minecraft:feather":2,"minecraft:chicken":1,"minecraft:wheat_seeds":3,"minecraft:porkchop":3,"minecraft:dirt":19},"minecraft:killed":{"minecraft:horse":1,"minecraft:pig":1,"minecraft:chicken":1}},"DataVersion":3953}