{"stats":{"minecraft:mined":{"minecraft:short_grass":9,"minecraft:rose_bush":7,"minecraft:dark_oak_leaves":2,"minecraft:birch_leaves":3},"minecraft:used":{"minecraft:light_gray_wool":1,"minecraft:rose_bush":7,"minecraft:mutton":1,"minecraft:chicken":3},"minecraft:dropped":{"minecraft:feather":4,"minecraft:chicken":1},"minecraft:picked_up":{"minecraft:feather":4,"minecraft:chicken":4,"minecraft:rose_bush":7,"minecraft:light_gray_wool":1,"minecraft:mutton":1},"minecraft:custom":{"minecraft:time_since_rest":3761,"minecraft:crouch_one_cm":54,"minecraft:play_time":6926,"minecraft:sprint_one_cm":22187,"minecraft:deaths":1,"minecraft:damage_taken":80,"minecraft:walk_one_cm":9421,"minecraft:sneak_time":134,"minecraft:walk_under_water_one_cm":487,"minecraft:mob_kills":4,"minecraft:drop":5,"minecraft:jump":131,"minecraft:damage_dealt":200,"minecraft:leave_game":3,"minecraft:walk_on_water_one_cm":139,"minecraft:time_since_death":3728,"minecraft:total_world_time":6926,"minecraft:swim_one_cm":471,"minecraft:fall_one_cm":3144,"minecraft:fly_one_cm":259824},"minecraft:killed":{"minecraft:sheep":1,"minecraft:chicken":3}},"DataVersion":3953}