{
  "minecraft:recipes/decorations/crafting_table": {
    "criteria": {
      "unlock_right_away": "2024-07-13 01:23:30 +0000"
    },
    "done": true
  },
  "minecraft:adventure/adventuring_time": {
    "criteria": {
      "minecraft:old_growth_birch_forest": "2024-07-13 01:24:14 +0000",
      "minecraft:dark_forest": "2024-07-13 01:23:30 +0000",
      "minecraft:forest": "2024-07-13 01:24:31 +0000",
      "minecraft:cherry_grove": "2024-07-13 01:25:07 +0000",
      "minecraft:river": "2024-07-13 01:24:04 +0000",
      "minecraft:birch_forest": "2024-07-13 01:24:20 +0000",
      "minecraft:plains": "2024-07-13 01:24:49 +0000"
    },
    "done": false
  },
  "DataVersion": 3953
}